{"cameraMode":{"drawMode":0,"name":"Shaded","section":"Shading Mode"},"sceneLighting":true,"audioPlay":false,"sceneViewState":{"showFog":false,"showMaterialUpdate":false,"showSkybox":false,"showFlares":false,"showImageEffects":false,"showParticleSystems":false},"in2DMode":false,"pivot":{"x":8.750299453735352,"y":0.46680450439453127,"z":11.919361114501954},"rotation":{"x":0.29408493638038638,"y":-0.322581022977829,"z":0.1061844751238823,"w":0.8934100866317749},"size":440.8703308105469,"orthographic":false}